{
  "decomposition": {
    "Init only": {
      "mean_var": 0.001836046956286278,
      "acc_mean": 0.9601111111111111,
      "acc_std": 0.005941068615686598
    },
    "Shuffle only": {
      "mean_var": 3.275018403607719e-06,
      "acc_mean": 0.9542222222222222,
      "acc_std": 0.001474055462380174
    },
    "Both": {
      "mean_var": 0.0018428610499679348,
      "acc_mean": 0.9600000000000002,
      "acc_std": 0.00600411381604724
    },
    "ratio": 560.6218744492281
  },
  "benchmarks": {
    "Digits": {
      "rho_kl": 0.35357142857142854,
      "p_kl": 0.19607167843419876,
      "rho_l2": 0.475,
      "p_l2": 0.07357086204591357,
      "n": 1797,
      "p": 64,
      "nc": 10
    },
    "Wine": {
      "rho_kl": 0.7214285714285712,
      "p_kl": 0.002398868072673345,
      "rho_l2": 0.5035714285714286,
      "p_l2": 0.05565451716115848,
      "n": 178,
      "p": 13,
      "nc": 3
    },
    "Breast Cancer": {
      "rho_kl": 0.15357142857142855,
      "p_kl": 0.5847640949410158,
      "rho_l2": 0.11428571428571425,
      "p_l2": 0.6850657626568972,
      "n": 569,
      "p": 30,
      "nc": 2
    }
  },
  "factorial": {
    "Class separation": [
      {
        "rho": 0.5636363636363636,
        "pval": 0.08972402831709125,
        "var_red": 17.353940587417146,
        "bv_var": 0.009672337756383795,
        "ep_var": 0.007993806008726635,
        "disagree": 0.868,
        "bv_acc": 0.4104,
        "ep_acc": 0.4184,
        "acc_gap": -0.008000000000000007,
        "level": 0.3
      },
      {
        "rho": 0.6606060606060605,
        "pval": 0.03758837757140939,
        "var_red": 6.01794971403494,
        "bv_var": 0.01136526235630967,
        "ep_var": 0.010681306582838812,
        "disagree": 0.588,
        "bv_acc": 0.5944,
        "ep_acc": 0.5904,
        "acc_gap": 0.0040000000000000036,
        "level": 0.8
      },
      {
        "rho": 0.2727272727272727,
        "pval": 0.44583834154275137,
        "var_red": 6.094718006659029,
        "bv_var": 0.009085695152038307,
        "ep_var": 0.008531947653576882,
        "disagree": 0.34,
        "bv_acc": 0.8016,
        "ep_acc": 0.8168,
        "acc_gap": -0.015199999999999991,
        "level": 1.5
      }
    ],
    "Label noise": [
      {
        "rho": 0.1515151515151515,
        "pval": 0.6760651759978538,
        "var_red": 1.2963964739961171,
        "bv_var": 0.011308033542051312,
        "ep_var": 0.01116143659393386,
        "disagree": 0.544,
        "bv_acc": 0.6688000000000001,
        "ep_acc": 0.6808,
        "acc_gap": -0.0119999999999999,
        "level": 0.0
      },
      {
        "rho": 0.5030303030303029,
        "pval": 0.13833369839449197,
        "var_red": 4.002628081102099,
        "bv_var": 0.01060558204492285,
        "ep_var": 0.010181080039828446,
        "disagree": 0.488,
        "bv_acc": 0.6880000000000001,
        "ep_acc": 0.6584,
        "acc_gap": 0.02960000000000007,
        "level": 0.05
      },
      {
        "rho": 0.5636363636363636,
        "pval": 0.08972402831709125,
        "var_red": 1.605115522833824,
        "bv_var": 0.010162610629044864,
        "ep_var": 0.009999488988312905,
        "disagree": 0.572,
        "bv_acc": 0.6328,
        "ep_acc": 0.6016,
        "acc_gap": 0.031200000000000006,
        "level": 0.1
      },
      {
        "rho": 0.11515151515151514,
        "pval": 0.7514196523258483,
        "var_red": 6.5542505942718705,
        "bv_var": 0.009794699266875182,
        "ep_var": 0.009152730131968873,
        "disagree": 0.624,
        "bv_acc": 0.5824,
        "ep_acc": 0.5592,
        "acc_gap": 0.0232,
        "level": 0.2
      }
    ],
    "Num. classes": [
      {
        "rho": 0.32121212121212117,
        "pval": 0.3654683104386702,
        "var_red": -6.7646855312252745,
        "bv_var": 0.011731735752166322,
        "ep_var": 0.0125253507831547,
        "disagree": 0.292,
        "bv_acc": 0.7936,
        "ep_acc": 0.7864000000000001,
        "acc_gap": 0.007199999999999873,
        "level": 2
      },
      {
        "rho": 0.5030303030303029,
        "pval": 0.13833369839449197,
        "var_red": 4.002628081102099,
        "bv_var": 0.01060558204492285,
        "ep_var": 0.010181080039828446,
        "disagree": 0.488,
        "bv_acc": 0.6880000000000001,
        "ep_acc": 0.6584,
        "acc_gap": 0.02960000000000007,
        "level": 4
      },
      {
        "rho": 0.8181818181818182,
        "pval": 0.0038149200825507135,
        "var_red": 7.918617715342911,
        "bv_var": 0.007918912509907299,
        "ep_var": 0.0072918441010352735,
        "disagree": 0.676,
        "bv_acc": 0.6184000000000001,
        "ep_acc": 0.6488,
        "acc_gap": -0.030399999999999983,
        "level": 7
      }
    ],
    "Sample size": [
      {
        "rho": 0.7575757575757575,
        "pval": 0.011143446799694208,
        "var_red": 15.308509403771541,
        "bv_var": 0.015917824613509032,
        "ep_var": 0.013481042935674141,
        "disagree": 0.7866666666666666,
        "bv_acc": 0.5760000000000001,
        "ep_acc": 0.5093333333333334,
        "acc_gap": 0.06666666666666665,
        "level": 300
      },
      {
        "rho": 0.5030303030303029,
        "pval": 0.13833369839449197,
        "var_red": 4.002628081102099,
        "bv_var": 0.01060558204492285,
        "ep_var": 0.010181080039828446,
        "disagree": 0.488,
        "bv_acc": 0.6880000000000001,
        "ep_acc": 0.6584,
        "acc_gap": 0.02960000000000007,
        "level": 1000
      },
      {
        "rho": 0.5636363636363636,
        "pval": 0.08972402831709125,
        "var_red": 13.485904990335417,
        "bv_var": 0.00883918330300876,
        "ep_var": 0.007647139440843406,
        "disagree": 0.4,
        "bv_acc": 0.7210666666666666,
        "ep_acc": 0.7189333333333334,
        "acc_gap": 0.0021333333333332094,
        "level": 3000
      }
    ],
    "Redundancy": [
      {
        "rho": 0.6484848484848483,
        "pval": 0.04254012768448945,
        "var_red": 5.621629658151429,
        "bv_var": 0.013089898977796636,
        "ep_var": 0.01235403333463876,
        "disagree": 0.668,
        "bv_acc": 0.6056,
        "ep_acc": 0.612,
        "acc_gap": -0.006399999999999961,
        "level": 0
      },
      {
        "rho": 0.6121212121212121,
        "pval": 0.05997214247725524,
        "var_red": -4.066622457987213,
        "bv_var": 0.010167856776669641,
        "ep_var": 0.010581345123845664,
        "disagree": 0.508,
        "bv_acc": 0.6975999999999999,
        "ep_acc": 0.6863999999999999,
        "acc_gap": 0.011199999999999988,
        "level": 10
      },
      {
        "rho": 0.7454545454545454,
        "pval": 0.013330146315440047,
        "var_red": 2.163457823652503,
        "bv_var": 0.008570283786035054,
        "ep_var": 0.008384869310956857,
        "disagree": 0.44,
        "bv_acc": 0.7264000000000002,
        "ep_acc": 0.7280000000000001,
        "acc_gap": -0.0015999999999999348,
        "level": 20
      }
    ]
  },
  "summary": {
    "N": 16,
    "mean_vr": 5.287316671535034,
    "median_vr": 4.812128869626764,
    "min_vr": -6.7646855312252745,
    "max_vr": 17.353940587417146,
    "n_pos": 14,
    "mean_rho": 0.5189393939393938,
    "n_sig": 5,
    "mean_gap": 0.01005000000000001,
    "dis_vr_rho": 0.5088757396449703
  }
}